number,miner
20426254,0x95222290dd7278aa3ddd389cc1e1d165cc4bafe5
20426587,0x4838b106fce9647bdf1e7877bf73ce8b0bad5f97
20426298,0x95222290dd7278aa3ddd389cc1e1d165cc4bafe5
20426123,0x95222290dd7278aa3ddd389cc1e1d165cc4bafe5
20426720,0x6f35247337cb97dd62722b13f72854fc45776567
20426683,0xd0ce9350410954e3cd6b2b1a39eff26dddbb9638
20425973,0x95222290dd7278aa3ddd389cc1e1d165cc4bafe5
20425924,0x95222290dd7278aa3ddd389cc1e1d165cc4bafe5
20426408,0x95222290dd7278aa3ddd389cc1e1d165cc4bafe5
20426771,0x4838b106fce9647bdf1e7877bf73ce8b0bad5f97
20426221,0x4838b106fce9647bdf1e7877bf73ce8b0bad5f97
20426249,0x388c818ca8b9251b393131c08a736a67ccb19297
20426424,0x4838b106fce9647bdf1e7877bf73ce8b0bad5f97
20426310,0x4838b106fce9647bdf1e7877bf73ce8b0bad5f97
20426234,0x95222290dd7278aa3ddd389cc1e1d165cc4bafe5
20426055,0x4838b106fce9647bdf1e7877bf73ce8b0bad5f97
20426332,0x4838b106fce9647bdf1e7877bf73ce8b0bad5f97
20426436,0x4838b106fce9647bdf1e7877bf73ce8b0bad5f97
20425977,0x95222290dd7278aa3ddd389cc1e1d165cc4bafe5
20426608,0x95222290dd7278aa3ddd389cc1e1d165cc4bafe5
20426250,0x4838b106fce9647bdf1e7877bf73ce8b0bad5f97
20426441,0xdf99a0839818b3f120ebac9b73f82b617dc6a555
20426159,0x95222290dd7278aa3ddd389cc1e1d165cc4bafe5
20426762,0x95222290dd7278aa3ddd389cc1e1d165cc4bafe5
20426444,0x388c818ca8b9251b393131c08a736a67ccb19297
20426110,0x95222290dd7278aa3ddd389cc1e1d165cc4bafe5
20426648,0x95222290dd7278aa3ddd389cc1e1d165cc4bafe5
20426494,0x4838b106fce9647bdf1e7877bf73ce8b0bad5f97
20426672,0x95222290dd7278aa3ddd389cc1e1d165cc4bafe5
20426201,0x95222290dd7278aa3ddd389cc1e1d165cc4bafe5
20425831,0x4838b106fce9647bdf1e7877bf73ce8b0bad5f97
20426496,0x95222290dd7278aa3ddd389cc1e1d165cc4bafe5
20426280,0x98b92fde3f215f25e9d8ca1c6ec67b65440bf38a
20426464,0x48319f97e5da1233c21c48b80097c0fb7a20ff86
20426279,0x88c6c46ebf353a52bdbab708c23d0c81daa8134a
20426285,0x95222290dd7278aa3ddd389cc1e1d165cc4bafe5
20426533,0x4838b106fce9647bdf1e7877bf73ce8b0bad5f97
20426427,0x4838b106fce9647bdf1e7877bf73ce8b0bad5f97
20425945,0x4838b106fce9647bdf1e7877bf73ce8b0bad5f97
20426125,0x95222290dd7278aa3ddd389cc1e1d165cc4bafe5
20426622,0x6484342b08ec2cff96fe6986f9ee3638be088b79
20426764,0x4838b106fce9647bdf1e7877bf73ce8b0bad5f97
20426777,0x4838b106fce9647bdf1e7877bf73ce8b0bad5f97
20426433,0x95222290dd7278aa3ddd389cc1e1d165cc4bafe5
20426506,0x4838b106fce9647bdf1e7877bf73ce8b0bad5f97
20426686,0x95222290dd7278aa3ddd389cc1e1d165cc4bafe5
20426399,0xe43cc5b6ff052f5aa931a4f9ef2bfa0c500014ca
20426657,0x4838b106fce9647bdf1e7877bf73ce8b0bad5f97
20426489,0x95222290dd7278aa3ddd389cc1e1d165cc4bafe5
20426785,0x4838b106fce9647bdf1e7877bf73ce8b0bad5f97
20426766,0x4838b106fce9647bdf1e7877bf73ce8b0bad5f97
20425947,0x95222290dd7278aa3ddd389cc1e1d165cc4bafe5
20426241,0x4838b106fce9647bdf1e7877bf73ce8b0bad5f97
20426615,0x95222290dd7278aa3ddd389cc1e1d165cc4bafe5
20426753,0x4838b106fce9647bdf1e7877bf73ce8b0bad5f97
20426530,0x95222290dd7278aa3ddd389cc1e1d165cc4bafe5
20426610,0x95222290dd7278aa3ddd389cc1e1d165cc4bafe5
20426386,0x95222290dd7278aa3ddd389cc1e1d165cc4bafe5
20426813,0x95222290dd7278aa3ddd389cc1e1d165cc4bafe5
20426072,0x4838b106fce9647bdf1e7877bf73ce8b0bad5f97
20426150,0x4838b106fce9647bdf1e7877bf73ce8b0bad5f97
20426696,0xec68cd160f0d8107304d667bf6ae81394d8f88be
20426667,0x95222290dd7278aa3ddd389cc1e1d165cc4bafe5
20426666,0x95222290dd7278aa3ddd389cc1e1d165cc4bafe5
20426343,0x4838b106fce9647bdf1e7877bf73ce8b0bad5f97
20426529,0xebec795c9c8bbd61ffc14a6662944748f299cacf
20425896,0x95222290dd7278aa3ddd389cc1e1d165cc4bafe5
20425877,0x4838b106fce9647bdf1e7877bf73ce8b0bad5f97
20426543,0x4838b106fce9647bdf1e7877bf73ce8b0bad5f97
20426659,0x95222290dd7278aa3ddd389cc1e1d165cc4bafe5
20425858,0x95222290dd7278aa3ddd389cc1e1d165cc4bafe5
20426757,0x4838b106fce9647bdf1e7877bf73ce8b0bad5f97
20426776,0x4838b106fce9647bdf1e7877bf73ce8b0bad5f97
20426068,0x4838b106fce9647bdf1e7877bf73ce8b0bad5f97
20426656,0x4838b106fce9647bdf1e7877bf73ce8b0bad5f97
20426556,0x95222290dd7278aa3ddd389cc1e1d165cc4bafe5
20426702,0x95222290dd7278aa3ddd389cc1e1d165cc4bafe5
20425948,0x4838b106fce9647bdf1e7877bf73ce8b0bad5f97
20425965,0x4838b106fce9647bdf1e7877bf73ce8b0bad5f97
20426583,0x95222290dd7278aa3ddd389cc1e1d165cc4bafe5
20426664,0x4838b106fce9647bdf1e7877bf73ce8b0bad5f97
20426697,0x4838b106fce9647bdf1e7877bf73ce8b0bad5f97
20426331,0x95222290dd7278aa3ddd389cc1e1d165cc4bafe5
20426025,0x4838b106fce9647bdf1e7877bf73ce8b0bad5f97
20426104,0x4838b106fce9647bdf1e7877bf73ce8b0bad5f97
20426002,0x95222290dd7278aa3ddd389cc1e1d165cc4bafe5
20426321,0x388c818ca8b9251b393131c08a736a67ccb19297
20426354,0x95222290dd7278aa3ddd389cc1e1d165cc4bafe5
20425918,0x4838b106fce9647bdf1e7877bf73ce8b0bad5f97
20426176,0x4838b106fce9647bdf1e7877bf73ce8b0bad5f97
20425910,0x95222290dd7278aa3ddd389cc1e1d165cc4bafe5
20425943,0x95222290dd7278aa3ddd389cc1e1d165cc4bafe5
20426612,0x98b92fde3f215f25e9d8ca1c6ec67b65440bf38a
20426518,0x4838b106fce9647bdf1e7877bf73ce8b0bad5f97
20425979,0x95222290dd7278aa3ddd389cc1e1d165cc4bafe5
20425859,0x1f9090aae28b8a3dceadf281b0f12828e676c326
20426096,0x388c818ca8b9251b393131c08a736a67ccb19297
20426443,0x4838b106fce9647bdf1e7877bf73ce8b0bad5f97
20426341,0x95222290dd7278aa3ddd389cc1e1d165cc4bafe5
20426208,0x95222290dd7278aa3ddd389cc1e1d165cc4bafe5
20426501,0x95222290dd7278aa3ddd389cc1e1d165cc4bafe5
20426675,0x4838b106fce9647bdf1e7877bf73ce8b0bad5f97
20426440,0x95222290dd7278aa3ddd389cc1e1d165cc4bafe5
20426701,0x95222290dd7278aa3ddd389cc1e1d165cc4bafe5
20425927,0x95222290dd7278aa3ddd389cc1e1d165cc4bafe5
20426688,0xcaa0db1e738909cdd2afa7aa5f9ab3947f029f08
20426037,0x95222290dd7278aa3ddd389cc1e1d165cc4bafe5
20426449,0x388c818ca8b9251b393131c08a736a67ccb19297
20426446,0x95222290dd7278aa3ddd389cc1e1d165cc4bafe5
20426634,0x95222290dd7278aa3ddd389cc1e1d165cc4bafe5
20426181,0x4838b106fce9647bdf1e7877bf73ce8b0bad5f97
20426425,0x4838b106fce9647bdf1e7877bf73ce8b0bad5f97
20426411,0x7e2a2fa2a064f693f0a55c5639476d913ff12d05
20425925,0x95222290dd7278aa3ddd389cc1e1d165cc4bafe5
20426073,0x4838b106fce9647bdf1e7877bf73ce8b0bad5f97
20425960,0x95222290dd7278aa3ddd389cc1e1d165cc4bafe5
20426760,0x95222290dd7278aa3ddd389cc1e1d165cc4bafe5
20426792,0x4838b106fce9647bdf1e7877bf73ce8b0bad5f97
20426793,0x95222290dd7278aa3ddd389cc1e1d165cc4bafe5
20426243,0x95222290dd7278aa3ddd389cc1e1d165cc4bafe5
20426498,0x4838b106fce9647bdf1e7877bf73ce8b0bad5f97
20426297,0x938656ce533a10c1794c1b2b63329c05d223ac90
20425852,0x95222290dd7278aa3ddd389cc1e1d165cc4bafe5
20426486,0x95222290dd7278aa3ddd389cc1e1d165cc4bafe5
20426699,0x95222290dd7278aa3ddd389cc1e1d165cc4bafe5
20426333,0x4838b106fce9647bdf1e7877bf73ce8b0bad5f97
20425840,0x1f9090aae28b8a3dceadf281b0f12828e676c326
20426195,0x4838b106fce9647bdf1e7877bf73ce8b0bad5f97
20425887,0xd4e96ef8eee8678dbff4d535e033ed1a4f7605b7
20426036,0x95222290dd7278aa3ddd389cc1e1d165cc4bafe5
20426797,0x95222290dd7278aa3ddd389cc1e1d165cc4bafe5
20426580,0x4838b106fce9647bdf1e7877bf73ce8b0bad5f97
20426271,0x4838b106fce9647bdf1e7877bf73ce8b0bad5f97
20426191,0x95222290dd7278aa3ddd389cc1e1d165cc4bafe5
20426093,0x4838b106fce9647bdf1e7877bf73ce8b0bad5f97
20426171,0x95222290dd7278aa3ddd389cc1e1d165cc4bafe5
20426589,0x95222290dd7278aa3ddd389cc1e1d165cc4bafe5
20425933,0x95222290dd7278aa3ddd389cc1e1d165cc4bafe5
20426113,0x95222290dd7278aa3ddd389cc1e1d165cc4bafe5
20425862,0x4838b106fce9647bdf1e7877bf73ce8b0bad5f97
20426232,0x4838b106fce9647bdf1e7877bf73ce8b0bad5f97
20426714,0x4838b106fce9647bdf1e7877bf73ce8b0bad5f97
20426040,0x4838b106fce9647bdf1e7877bf73ce8b0bad5f97
20426482,0x95222290dd7278aa3ddd389cc1e1d165cc4bafe5
20426560,0x95222290dd7278aa3ddd389cc1e1d165cc4bafe5
20426284,0x95222290dd7278aa3ddd389cc1e1d165cc4bafe5
20426218,0x95222290dd7278aa3ddd389cc1e1d165cc4bafe5
20425841,0x388c818ca8b9251b393131c08a736a67ccb19297
20426309,0x388c818ca8b9251b393131c08a736a67ccb19297
20426756,0x4838b106fce9647bdf1e7877bf73ce8b0bad5f97
20426522,0x95222290dd7278aa3ddd389cc1e1d165cc4bafe5
20426381,0x95222290dd7278aa3ddd389cc1e1d165cc4bafe5
20426743,0x4838b106fce9647bdf1e7877bf73ce8b0bad5f97
20426074,0x95222290dd7278aa3ddd389cc1e1d165cc4bafe5
20426007,0x4838b106fce9647bdf1e7877bf73ce8b0bad5f97
20426767,0x95222290dd7278aa3ddd389cc1e1d165cc4bafe5
20426476,0x4838b106fce9647bdf1e7877bf73ce8b0bad5f97
20425969,0x95222290dd7278aa3ddd389cc1e1d165cc4bafe5
20425961,0x4838b106fce9647bdf1e7877bf73ce8b0bad5f97
20426410,0x95222290dd7278aa3ddd389cc1e1d165cc4bafe5
20426172,0x95222290dd7278aa3ddd389cc1e1d165cc4bafe5
20425879,0x2dce4d0fda6d9f2ac532d12433fdbb33d32331e3
20426198,0x95222290dd7278aa3ddd389cc1e1d165cc4bafe5
20425856,0x4838b106fce9647bdf1e7877bf73ce8b0bad5f97
20426552,0x4838b106fce9647bdf1e7877bf73ce8b0bad5f97
20426207,0x95222290dd7278aa3ddd389cc1e1d165cc4bafe5
20425988,0x95222290dd7278aa3ddd389cc1e1d165cc4bafe5
20426064,0x4838b106fce9647bdf1e7877bf73ce8b0bad5f97
20426078,0x95222290dd7278aa3ddd389cc1e1d165cc4bafe5
20426375,0x4838b106fce9647bdf1e7877bf73ce8b0bad5f97
20426117,0x95222290dd7278aa3ddd389cc1e1d165cc4bafe5
20426773,0x95222290dd7278aa3ddd389cc1e1d165cc4bafe5
20426377,0x95222290dd7278aa3ddd389cc1e1d165cc4bafe5
20425854,0x388c818ca8b9251b393131c08a736a67ccb19297
20426131,0x4838b106fce9647bdf1e7877bf73ce8b0bad5f97
20426582,0x95222290dd7278aa3ddd389cc1e1d165cc4bafe5
20426468,0x4838b106fce9647bdf1e7877bf73ce8b0bad5f97
20426547,0x4838b106fce9647bdf1e7877bf73ce8b0bad5f97
20426481,0x95222290dd7278aa3ddd389cc1e1d165cc4bafe5
20426255,0x95222290dd7278aa3ddd389cc1e1d165cc4bafe5
20426742,0x95222290dd7278aa3ddd389cc1e1d165cc4bafe5
20426108,0x95222290dd7278aa3ddd389cc1e1d165cc4bafe5
20426806,0x4838b106fce9647bdf1e7877bf73ce8b0bad5f97
20426772,0x4838b106fce9647bdf1e7877bf73ce8b0bad5f97
20426754,0x95222290dd7278aa3ddd389cc1e1d165cc4bafe5
20426151,0x4838b106fce9647bdf1e7877bf73ce8b0bad5f97
20426314,0xdf99a0839818b3f120ebac9b73f82b617dc6a555
20426105,0x95222290dd7278aa3ddd389cc1e1d165cc4bafe5
20425999,0x95222290dd7278aa3ddd389cc1e1d165cc4bafe5
20426652,0x4838b106fce9647bdf1e7877bf73ce8b0bad5f97
20426242,0x95222290dd7278aa3ddd389cc1e1d165cc4bafe5
20426602,0x95222290dd7278aa3ddd389cc1e1d165cc4bafe5
20425845,0x4838b106fce9647bdf1e7877bf73ce8b0bad5f97
20426363,0x95222290dd7278aa3ddd389cc1e1d165cc4bafe5
20426778,0x4838b106fce9647bdf1e7877bf73ce8b0bad5f97
20426326,0x388c818ca8b9251b393131c08a736a67ccb19297
20425838,0x95222290dd7278aa3ddd389cc1e1d165cc4bafe5
20426169,0x95222290dd7278aa3ddd389cc1e1d165cc4bafe5
20425834,0x95222290dd7278aa3ddd389cc1e1d165cc4bafe5
20426685,0x388c818ca8b9251b393131c08a736a67ccb19297
20426472,0xbc7512d55f39bed9ca1600ca6321f47a23977338
20426423,0x95222290dd7278aa3ddd389cc1e1d165cc4bafe5
20425835,0x4838b106fce9647bdf1e7877bf73ce8b0bad5f97
20426495,0x95222290dd7278aa3ddd389cc1e1d165cc4bafe5
20426736,0x4838b106fce9647bdf1e7877bf73ce8b0bad5f97
20426628,0x95222290dd7278aa3ddd389cc1e1d165cc4bafe5
20426801,0x95222290dd7278aa3ddd389cc1e1d165cc4bafe5
20425990,0x95222290dd7278aa3ddd389cc1e1d165cc4bafe5
20426680,0x95222290dd7278aa3ddd389cc1e1d165cc4bafe5
20426555,0x4838b106fce9647bdf1e7877bf73ce8b0bad5f97
20426119,0x4838b106fce9647bdf1e7877bf73ce8b0bad5f97
20426447,0x95222290dd7278aa3ddd389cc1e1d165cc4bafe5
20426066,0x4838b106fce9647bdf1e7877bf73ce8b0bad5f97
20426627,0xc3d0d90328e4ecb30bcc6d7b4534eadb14fa1256
20426700,0x4838b106fce9647bdf1e7877bf73ce8b0bad5f97
20426365,0x95222290dd7278aa3ddd389cc1e1d165cc4bafe5
20426224,0x95222290dd7278aa3ddd389cc1e1d165cc4bafe5
20425829,0x95222290dd7278aa3ddd389cc1e1d165cc4bafe5
20426192,0xd63d6c59023e138fb4d12a87a112f70ec13d0430
20426455,0x95222290dd7278aa3ddd389cc1e1d165cc4bafe5
20426549,0x4838b106fce9647bdf1e7877bf73ce8b0bad5f97
20426703,0xa84385791dc23deaa1135b0f691e26317c153966
20425971,0x4838b106fce9647bdf1e7877bf73ce8b0bad5f97
20426308,0x95222290dd7278aa3ddd389cc1e1d165cc4bafe5
20426682,0x1f9090aae28b8a3dceadf281b0f12828e676c326
20426477,0x1f9090aae28b8a3dceadf281b0f12828e676c326
20425897,0x4838b106fce9647bdf1e7877bf73ce8b0bad5f97
20426770,0x95222290dd7278aa3ddd389cc1e1d165cc4bafe5
20426141,0x95222290dd7278aa3ddd389cc1e1d165cc4bafe5
20426745,0x4838b106fce9647bdf1e7877bf73ce8b0bad5f97
20425871,0xdf99a0839818b3f120ebac9b73f82b617dc6a555
20425819,0x4838b106fce9647bdf1e7877bf73ce8b0bad5f97
20426189,0x4838b106fce9647bdf1e7877bf73ce8b0bad5f97
20425967,0x95222290dd7278aa3ddd389cc1e1d165cc4bafe5
20426412,0x4838b106fce9647bdf1e7877bf73ce8b0bad5f97
20426523,0x95222290dd7278aa3ddd389cc1e1d165cc4bafe5
20426811,0x4838b106fce9647bdf1e7877bf73ce8b0bad5f97
20426802,0x95222290dd7278aa3ddd389cc1e1d165cc4bafe5
20425849,0x95222290dd7278aa3ddd389cc1e1d165cc4bafe5
20426335,0x3a4a9d677de2ec80dfdcb747c064af5c2da81ed3
20426323,0x95222290dd7278aa3ddd389cc1e1d165cc4bafe5
20426346,0x4838b106fce9647bdf1e7877bf73ce8b0bad5f97
20426569,0xd4e96ef8eee8678dbff4d535e033ed1a4f7605b7
20426368,0x4838b106fce9647bdf1e7877bf73ce8b0bad5f97
20426077,0x95222290dd7278aa3ddd389cc1e1d165cc4bafe5
20426761,0x4838b106fce9647bdf1e7877bf73ce8b0bad5f97
20426217,0x4838b106fce9647bdf1e7877bf73ce8b0bad5f97
20426448,0x95222290dd7278aa3ddd389cc1e1d165cc4bafe5
20425937,0x4838b106fce9647bdf1e7877bf73ce8b0bad5f97
20425872,0x4838b106fce9647bdf1e7877bf73ce8b0bad5f97
20426291,0x95222290dd7278aa3ddd389cc1e1d165cc4bafe5
20426795,0x95222290dd7278aa3ddd389cc1e1d165cc4bafe5
20426051,0x95222290dd7278aa3ddd389cc1e1d165cc4bafe5
20426045,0x4838b106fce9647bdf1e7877bf73ce8b0bad5f97
20426791,0x95222290dd7278aa3ddd389cc1e1d165cc4bafe5
20426462,0x95222290dd7278aa3ddd389cc1e1d165cc4bafe5
20426272,0x95222290dd7278aa3ddd389cc1e1d165cc4bafe5
20425953,0x88c6c46ebf353a52bdbab708c23d0c81daa8134a
20426027,0x4838b106fce9647bdf1e7877bf73ce8b0bad5f97
20425837,0x4838b106fce9647bdf1e7877bf73ce8b0bad5f97
20426342,0x1f9090aae28b8a3dceadf281b0f12828e676c326
20426388,0x4838b106fce9647bdf1e7877bf73ce8b0bad5f97
20425847,0x95222290dd7278aa3ddd389cc1e1d165cc4bafe5
20425994,0x4838b106fce9647bdf1e7877bf73ce8b0bad5f97
20426163,0x4838b106fce9647bdf1e7877bf73ce8b0bad5f97
20425814,0x95222290dd7278aa3ddd389cc1e1d165cc4bafe5
20426238,0x95222290dd7278aa3ddd389cc1e1d165cc4bafe5
20426174,0x4838b106fce9647bdf1e7877bf73ce8b0bad5f97
20426145,0x388c818ca8b9251b393131c08a736a67ccb19297
20426646,0x4838b106fce9647bdf1e7877bf73ce8b0bad5f97
20425929,0x95222290dd7278aa3ddd389cc1e1d165cc4bafe5
20426525,0x4838b106fce9647bdf1e7877bf73ce8b0bad5f97
20426334,0x4838b106fce9647bdf1e7877bf73ce8b0bad5f97
20426693,0x4838b106fce9647bdf1e7877bf73ce8b0bad5f97
20426639,0x4838b106fce9647bdf1e7877bf73ce8b0bad5f97
20426728,0x4838b106fce9647bdf1e7877bf73ce8b0bad5f97
20426620,0x4838b106fce9647bdf1e7877bf73ce8b0bad5f97
20426061,0x4838b106fce9647bdf1e7877bf73ce8b0bad5f97
20426600,0x95222290dd7278aa3ddd389cc1e1d165cc4bafe5
20426216,0x95222290dd7278aa3ddd389cc1e1d165cc4bafe5
20426202,0x95222290dd7278aa3ddd389cc1e1d165cc4bafe5
20426005,0xb835487f434eacfd3d212a02b8f93d7cf49f269f
20426059,0x95222290dd7278aa3ddd389cc1e1d165cc4bafe5
20426385,0x95222290dd7278aa3ddd389cc1e1d165cc4bafe5
20426691,0x4838b106fce9647bdf1e7877bf73ce8b0bad5f97
20425952,0x95222290dd7278aa3ddd389cc1e1d165cc4bafe5
20426401,0x95222290dd7278aa3ddd389cc1e1d165cc4bafe5
20426563,0x4838b106fce9647bdf1e7877bf73ce8b0bad5f97
20426124,0x95222290dd7278aa3ddd389cc1e1d165cc4bafe5
20426665,0x95222290dd7278aa3ddd389cc1e1d165cc4bafe5
20426103,0x95222290dd7278aa3ddd389cc1e1d165cc4bafe5
20426789,0x4838b106fce9647bdf1e7877bf73ce8b0bad5f97
20426006,0x4838b106fce9647bdf1e7877bf73ce8b0bad5f97
20425950,0x95222290dd7278aa3ddd389cc1e1d165cc4bafe5
20426692,0x95222290dd7278aa3ddd389cc1e1d165cc4bafe5
20426016,0x4838b106fce9647bdf1e7877bf73ce8b0bad5f97
20425928,0x4838b106fce9647bdf1e7877bf73ce8b0bad5f97
20426157,0x4838b106fce9647bdf1e7877bf73ce8b0bad5f97
20426536,0x388c818ca8b9251b393131c08a736a67ccb19297
20426741,0x95222290dd7278aa3ddd389cc1e1d165cc4bafe5
20426474,0x95222290dd7278aa3ddd389cc1e1d165cc4bafe5
20426231,0x4838b106fce9647bdf1e7877bf73ce8b0bad5f97
20425936,0x95222290dd7278aa3ddd389cc1e1d165cc4bafe5
20426015,0x95222290dd7278aa3ddd389cc1e1d165cc4bafe5
20426611,0x388c818ca8b9251b393131c08a736a67ccb19297
20425917,0x4838b106fce9647bdf1e7877bf73ce8b0bad5f97
20426609,0x388c818ca8b9251b393131c08a736a67ccb19297
20426383,0x4838b106fce9647bdf1e7877bf73ce8b0bad5f97
20425903,0x95222290dd7278aa3ddd389cc1e1d165cc4bafe5
20426803,0x4838b106fce9647bdf1e7877bf73ce8b0bad5f97
20426799,0x95222290dd7278aa3ddd389cc1e1d165cc4bafe5
20426358,0x95222290dd7278aa3ddd389cc1e1d165cc4bafe5
20426026,0x1f9090aae28b8a3dceadf281b0f12828e676c326
20426095,0x4838b106fce9647bdf1e7877bf73ce8b0bad5f97
20426384,0x95222290dd7278aa3ddd389cc1e1d165cc4bafe5
20426591,0x4838b106fce9647bdf1e7877bf73ce8b0bad5f97
20426588,0x4838b106fce9647bdf1e7877bf73ce8b0bad5f97
20426590,0x95222290dd7278aa3ddd389cc1e1d165cc4bafe5
20426527,0x95222290dd7278aa3ddd389cc1e1d165cc4bafe5
20426100,0x95222290dd7278aa3ddd389cc1e1d165cc4bafe5
20426129,0x95222290dd7278aa3ddd389cc1e1d165cc4bafe5
20426624,0x4838b106fce9647bdf1e7877bf73ce8b0bad5f97
20426062,0x95222290dd7278aa3ddd389cc1e1d165cc4bafe5
20426307,0x4838b106fce9647bdf1e7877bf73ce8b0bad5f97
20425885,0x95222290dd7278aa3ddd389cc1e1d165cc4bafe5
20426352,0x95222290dd7278aa3ddd389cc1e1d165cc4bafe5
20426035,0x4838b106fce9647bdf1e7877bf73ce8b0bad5f97
20426695,0x4838b106fce9647bdf1e7877bf73ce8b0bad5f97
20426505,0x95222290dd7278aa3ddd389cc1e1d165cc4bafe5
20426562,0x4838b106fce9647bdf1e7877bf73ce8b0bad5f97
20426147,0x95222290dd7278aa3ddd389cc1e1d165cc4bafe5
20426519,0x7e2a2fa2a064f693f0a55c5639476d913ff12d05
20426614,0x4838b106fce9647bdf1e7877bf73ce8b0bad5f97
20426009,0x4838b106fce9647bdf1e7877bf73ce8b0bad5f97
20426214,0x95222290dd7278aa3ddd389cc1e1d165cc4bafe5
20426194,0x95222290dd7278aa3ddd389cc1e1d165cc4bafe5
20426351,0x95222290dd7278aa3ddd389cc1e1d165cc4bafe5
20425940,0x95222290dd7278aa3ddd389cc1e1d165cc4bafe5
20426109,0x4838b106fce9647bdf1e7877bf73ce8b0bad5f97
20426668,0x95222290dd7278aa3ddd389cc1e1d165cc4bafe5
20426149,0xcd1f5c2b7ed6ffb6b45d60b14cfb9d1217b671c2
20426136,0x95222290dd7278aa3ddd389cc1e1d165cc4bafe5
20426210,0x4838b106fce9647bdf1e7877bf73ce8b0bad5f97
20426512,0x388c818ca8b9251b393131c08a736a67ccb19297
20425899,0x95222290dd7278aa3ddd389cc1e1d165cc4bafe5
20425907,0x4838b106fce9647bdf1e7877bf73ce8b0bad5f97
20426164,0x95222290dd7278aa3ddd389cc1e1d165cc4bafe5
20426154,0x95222290dd7278aa3ddd389cc1e1d165cc4bafe5
20425889,0x24d6c74d811cfde65995ed26fd08af445f8aab06
20426485,0x95222290dd7278aa3ddd389cc1e1d165cc4bafe5
20426641,0x95222290dd7278aa3ddd389cc1e1d165cc4bafe5
20426306,0x388c818ca8b9251b393131c08a736a67ccb19297
20426726,0x95222290dd7278aa3ddd389cc1e1d165cc4bafe5
20426415,0x0f3e5fa1720e0b99d4df5ed38783d6f7d71aaf12
20426155,0x95222290dd7278aa3ddd389cc1e1d165cc4bafe5
20425939,0x4838b106fce9647bdf1e7877bf73ce8b0bad5f97
20426101,0x95222290dd7278aa3ddd389cc1e1d165cc4bafe5
20426086,0x4838b106fce9647bdf1e7877bf73ce8b0bad5f97
20426283,0x95222290dd7278aa3ddd389cc1e1d165cc4bafe5
20425916,0x95222290dd7278aa3ddd389cc1e1d165cc4bafe5
20426299,0x4838b106fce9647bdf1e7877bf73ce8b0bad5f97
20426252,0x4838b106fce9647bdf1e7877bf73ce8b0bad5f97
20426270,0xdf99a0839818b3f120ebac9b73f82b617dc6a555
20426800,0x95222290dd7278aa3ddd389cc1e1d165cc4bafe5
20426452,0x388c818ca8b9251b393131c08a736a67ccb19297
20426546,0x95222290dd7278aa3ddd389cc1e1d165cc4bafe5
20425987,0x95222290dd7278aa3ddd389cc1e1d165cc4bafe5
20425901,0x4838b106fce9647bdf1e7877bf73ce8b0bad5f97
20426043,0x95222290dd7278aa3ddd389cc1e1d165cc4bafe5
20425839,0x4838b106fce9647bdf1e7877bf73ce8b0bad5f97
20425976,0x95222290dd7278aa3ddd389cc1e1d165cc4bafe5
20426282,0x95222290dd7278aa3ddd389cc1e1d165cc4bafe5
20426725,0x95222290dd7278aa3ddd389cc1e1d165cc4bafe5
20426456,0x95222290dd7278aa3ddd389cc1e1d165cc4bafe5
20426118,0x4838b106fce9647bdf1e7877bf73ce8b0bad5f97
20425955,0x4838b106fce9647bdf1e7877bf73ce8b0bad5f97
20426049,0x4838b106fce9647bdf1e7877bf73ce8b0bad5f97
20425891,0x95222290dd7278aa3ddd389cc1e1d165cc4bafe5
20425996,0xdf99a0839818b3f120ebac9b73f82b617dc6a555
20426442,0x95222290dd7278aa3ddd389cc1e1d165cc4bafe5
20426551,0x95222290dd7278aa3ddd389cc1e1d165cc4bafe5
20426426,0x95222290dd7278aa3ddd389cc1e1d165cc4bafe5
20426647,0x4838b106fce9647bdf1e7877bf73ce8b0bad5f97
20426567,0x4838b106fce9647bdf1e7877bf73ce8b0bad5f97
20426571,0x95222290dd7278aa3ddd389cc1e1d165cc4bafe5
20426540,0x4838b106fce9647bdf1e7877bf73ce8b0bad5f97
20426649,0xacd1604945571a4d90210604b3da4d64a7b10e8d
20425827,0x24d6c74d811cfde65995ed26fd08af445f8aab06
20426453,0x95222290dd7278aa3ddd389cc1e1d165cc4bafe5
20426153,0x95222290dd7278aa3ddd389cc1e1d165cc4bafe5
20426106,0x95222290dd7278aa3ddd389cc1e1d165cc4bafe5
20426717,0x4838b106fce9647bdf1e7877bf73ce8b0bad5f97
20426196,0x95222290dd7278aa3ddd389cc1e1d165cc4bafe5
20426617,0x1f9090aae28b8a3dceadf281b0f12828e676c326
20426003,0x95222290dd7278aa3ddd389cc1e1d165cc4bafe5
20425820,0x4838b106fce9647bdf1e7877bf73ce8b0bad5f97
20426267,0x4838b106fce9647bdf1e7877bf73ce8b0bad5f97
20426626,0x77777a6c097a1ce65c61a96a49bd1100f660ec94
20426290,0x4838b106fce9647bdf1e7877bf73ce8b0bad5f97
20425959,0x4838b106fce9647bdf1e7877bf73ce8b0bad5f97
20426203,0x4838b106fce9647bdf1e7877bf73ce8b0bad5f97
20425906,0x4838b106fce9647bdf1e7877bf73ce8b0bad5f97
20426034,0x95222290dd7278aa3ddd389cc1e1d165cc4bafe5
20426592,0x388c818ca8b9251b393131c08a736a67ccb19297
20426709,0x4838b106fce9647bdf1e7877bf73ce8b0bad5f97
20426337,0x95222290dd7278aa3ddd389cc1e1d165cc4bafe5
20426418,0x4838b106fce9647bdf1e7877bf73ce8b0bad5f97
20425975,0x95222290dd7278aa3ddd389cc1e1d165cc4bafe5
20426008,0x4838b106fce9647bdf1e7877bf73ce8b0bad5f97
20426204,0x4838b106fce9647bdf1e7877bf73ce8b0bad5f97
20426493,0x95222290dd7278aa3ddd389cc1e1d165cc4bafe5
20425855,0x95222290dd7278aa3ddd389cc1e1d165cc4bafe5
20426573,0x388c818ca8b9251b393131c08a736a67ccb19297
20425824,0x4838b106fce9647bdf1e7877bf73ce8b0bad5f97
20426755,0x95222290dd7278aa3ddd389cc1e1d165cc4bafe5
20426723,0x95222290dd7278aa3ddd389cc1e1d165cc4bafe5
20426662,0x95222290dd7278aa3ddd389cc1e1d165cc4bafe5
20426004,0x4838b106fce9647bdf1e7877bf73ce8b0bad5f97
20426294,0x95222290dd7278aa3ddd389cc1e1d165cc4bafe5
20426355,0x95222290dd7278aa3ddd389cc1e1d165cc4bafe5
20426230,0x4838b106fce9647bdf1e7877bf73ce8b0bad5f97
20426322,0x4838b106fce9647bdf1e7877bf73ce8b0bad5f97
20426532,0x95222290dd7278aa3ddd389cc1e1d165cc4bafe5
20426731,0x4838b106fce9647bdf1e7877bf73ce8b0bad5f97
20426487,0x95222290dd7278aa3ddd389cc1e1d165cc4bafe5
20426070,0x95222290dd7278aa3ddd389cc1e1d165cc4bafe5
20426329,0x388c818ca8b9251b393131c08a736a67ccb19297
20426810,0x4838b106fce9647bdf1e7877bf73ce8b0bad5f97
20426597,0x95222290dd7278aa3ddd389cc1e1d165cc4bafe5
20426366,0x95222290dd7278aa3ddd389cc1e1d165cc4bafe5
20426023,0x4838b106fce9647bdf1e7877bf73ce8b0bad5f97
20425995,0x4838b106fce9647bdf1e7877bf73ce8b0bad5f97
20425970,0x95222290dd7278aa3ddd389cc1e1d165cc4bafe5
20425892,0x95222290dd7278aa3ddd389cc1e1d165cc4bafe5
20425884,0x95222290dd7278aa3ddd389cc1e1d165cc4bafe5
20425868,0x388c818ca8b9251b393131c08a736a67ccb19297
20426528,0x95222290dd7278aa3ddd389cc1e1d165cc4bafe5
20426500,0x4838b106fce9647bdf1e7877bf73ce8b0bad5f97
20425966,0x95222290dd7278aa3ddd389cc1e1d165cc4bafe5
20426511,0x95222290dd7278aa3ddd389cc1e1d165cc4bafe5
20426630,0x95222290dd7278aa3ddd389cc1e1d165cc4bafe5
20426183,0x4838b106fce9647bdf1e7877bf73ce8b0bad5f97
20425993,0x95222290dd7278aa3ddd389cc1e1d165cc4bafe5
20426211,0x95222290dd7278aa3ddd389cc1e1d165cc4bafe5
20426504,0x95222290dd7278aa3ddd389cc1e1d165cc4bafe5
20426161,0x95222290dd7278aa3ddd389cc1e1d165cc4bafe5
20426325,0x95222290dd7278aa3ddd389cc1e1d165cc4bafe5
20426140,0x95222290dd7278aa3ddd389cc1e1d165cc4bafe5
20426751,0x4838b106fce9647bdf1e7877bf73ce8b0bad5f97
20426570,0x4838b106fce9647bdf1e7877bf73ce8b0bad5f97
20426320,0x4838b106fce9647bdf1e7877bf73ce8b0bad5f97
20426178,0x95222290dd7278aa3ddd389cc1e1d165cc4bafe5
20426407,0x88c6c46ebf353a52bdbab708c23d0c81daa8134a
20426661,0x83b848d7601aeb2545834979ed899328f687f95d
20426135,0x4838b106fce9647bdf1e7877bf73ce8b0bad5f97
20426278,0x4838b106fce9647bdf1e7877bf73ce8b0bad5f97
20426606,0x4838b106fce9647bdf1e7877bf73ce8b0bad5f97
20426558,0x95222290dd7278aa3ddd389cc1e1d165cc4bafe5
20426663,0x95222290dd7278aa3ddd389cc1e1d165cc4bafe5
20425902,0x95222290dd7278aa3ddd389cc1e1d165cc4bafe5
20426566,0x95222290dd7278aa3ddd389cc1e1d165cc4bafe5
20426414,0xc3d0d90328e4ecb30bcc6d7b4534eadb14fa1256
20425926,0x4838b106fce9647bdf1e7877bf73ce8b0bad5f97
20426370,0x95222290dd7278aa3ddd389cc1e1d165cc4bafe5
20426578,0x4838b106fce9647bdf1e7877bf73ce8b0bad5f97
20425923,0x4838b106fce9647bdf1e7877bf73ce8b0bad5f97
20426122,0x4838b106fce9647bdf1e7877bf73ce8b0bad5f97
20426236,0x4838b106fce9647bdf1e7877bf73ce8b0bad5f97
20426585,0x4838b106fce9647bdf1e7877bf73ce8b0bad5f97
20426296,0x4838b106fce9647bdf1e7877bf73ce8b0bad5f97
20426168,0x95222290dd7278aa3ddd389cc1e1d165cc4bafe5
20426787,0x95222290dd7278aa3ddd389cc1e1d165cc4bafe5
20425815,0x388c818ca8b9251b393131c08a736a67ccb19297
20425964,0x4838b106fce9647bdf1e7877bf73ce8b0bad5f97
20426417,0x95222290dd7278aa3ddd389cc1e1d165cc4bafe5
20426075,0x4838b106fce9647bdf1e7877bf73ce8b0bad5f97
20426719,0x95222290dd7278aa3ddd389cc1e1d165cc4bafe5
20426180,0x95222290dd7278aa3ddd389cc1e1d165cc4bafe5
20426256,0x95222290dd7278aa3ddd389cc1e1d165cc4bafe5
20426349,0x95222290dd7278aa3ddd389cc1e1d165cc4bafe5
20426749,0x4838b106fce9647bdf1e7877bf73ce8b0bad5f97
20426711,0x4838b106fce9647bdf1e7877bf73ce8b0bad5f97
20426328,0x4838b106fce9647bdf1e7877bf73ce8b0bad5f97
20426542,0x95222290dd7278aa3ddd389cc1e1d165cc4bafe5
20426262,0x4838b106fce9647bdf1e7877bf73ce8b0bad5f97
20426190,0x2b78035514401ed1592eb691b8673a93edf97470
20426044,0x95222290dd7278aa3ddd389cc1e1d165cc4bafe5
20425914,0x4838b106fce9647bdf1e7877bf73ce8b0bad5f97
20426765,0x4838b106fce9647bdf1e7877bf73ce8b0bad5f97
20426187,0x95222290dd7278aa3ddd389cc1e1d165cc4bafe5
20426000,0x1f9090aae28b8a3dceadf281b0f12828e676c326
20426635,0x95222290dd7278aa3ddd389cc1e1d165cc4bafe5
20426130,0x95222290dd7278aa3ddd389cc1e1d165cc4bafe5
20426747,0x95222290dd7278aa3ddd389cc1e1d165cc4bafe5
20426796,0x4838b106fce9647bdf1e7877bf73ce8b0bad5f97
20426674,0x388c818ca8b9251b393131c08a736a67ccb19297
20426404,0x4838b106fce9647bdf1e7877bf73ce8b0bad5f97
20426707,0x4838b106fce9647bdf1e7877bf73ce8b0bad5f97
20425823,0x95222290dd7278aa3ddd389cc1e1d165cc4bafe5
20426219,0x8c193e7c0627ccb5722bb84e3a53b33bcf130d5d
20426581,0x95222290dd7278aa3ddd389cc1e1d165cc4bafe5
20425974,0x4838b106fce9647bdf1e7877bf73ce8b0bad5f97
20426638,0x95222290dd7278aa3ddd389cc1e1d165cc4bafe5
20426738,0x95222290dd7278aa3ddd389cc1e1d165cc4bafe5
20426126,0x4838b106fce9647bdf1e7877bf73ce8b0bad5f97
20426220,0x4838b106fce9647bdf1e7877bf73ce8b0bad5f97
20425900,0x95222290dd7278aa3ddd389cc1e1d165cc4bafe5
20426018,0x95222290dd7278aa3ddd389cc1e1d165cc4bafe5
20425888,0x24d6c74d811cfde65995ed26fd08af445f8aab06
20426011,0x95222290dd7278aa3ddd389cc1e1d165cc4bafe5
20425912,0x95222290dd7278aa3ddd389cc1e1d165cc4bafe5
20426594,0x4838b106fce9647bdf1e7877bf73ce8b0bad5f97
20425956,0x95222290dd7278aa3ddd389cc1e1d165cc4bafe5
20425962,0x95222290dd7278aa3ddd389cc1e1d165cc4bafe5
20425830,0xcc20850f1907be2aab7474b9819112e37e630d7b
20426152,0x95222290dd7278aa3ddd389cc1e1d165cc4bafe5
20426022,0x95222290dd7278aa3ddd389cc1e1d165cc4bafe5
20426553,0x4838b106fce9647bdf1e7877bf73ce8b0bad5f97
20426257,0x4838b106fce9647bdf1e7877bf73ce8b0bad5f97
20426660,0x4838b106fce9647bdf1e7877bf73ce8b0bad5f97
20425894,0x4838b106fce9647bdf1e7877bf73ce8b0bad5f97
20426305,0x388c818ca8b9251b393131c08a736a67ccb19297
20426516,0x95222290dd7278aa3ddd389cc1e1d165cc4bafe5
20426212,0x4838b106fce9647bdf1e7877bf73ce8b0bad5f97
20426479,0x95222290dd7278aa3ddd389cc1e1d165cc4bafe5
20426089,0x95222290dd7278aa3ddd389cc1e1d165cc4bafe5
20425991,0x95222290dd7278aa3ddd389cc1e1d165cc4bafe5
20425998,0x4838b106fce9647bdf1e7877bf73ce8b0bad5f97
20426293,0x4838b106fce9647bdf1e7877bf73ce8b0bad5f97
20425898,0x4838b106fce9647bdf1e7877bf73ce8b0bad5f97
20426598,0x95222290dd7278aa3ddd389cc1e1d165cc4bafe5
20426734,0x4838b106fce9647bdf1e7877bf73ce8b0bad5f97
20426356,0x388c818ca8b9251b393131c08a736a67ccb19297
20426740,0x4838b106fce9647bdf1e7877bf73ce8b0bad5f97
20426038,0x388c818ca8b9251b393131c08a736a67ccb19297
20426390,0x95222290dd7278aa3ddd389cc1e1d165cc4bafe5
20426316,0x4838b106fce9647bdf1e7877bf73ce8b0bad5f97
20426503,0x1f9090aae28b8a3dceadf281b0f12828e676c326
20426289,0x95222290dd7278aa3ddd389cc1e1d165cc4bafe5
20426429,0x95222290dd7278aa3ddd389cc1e1d165cc4bafe5
20426466,0x4838b106fce9647bdf1e7877bf73ce8b0bad5f97
20426030,0x388c818ca8b9251b393131c08a736a67ccb19297
20426507,0x95222290dd7278aa3ddd389cc1e1d165cc4bafe5
20426052,0x95222290dd7278aa3ddd389cc1e1d165cc4bafe5
20425826,0x4838b106fce9647bdf1e7877bf73ce8b0bad5f97
20426413,0x95222290dd7278aa3ddd389cc1e1d165cc4bafe5
20425818,0x4838b106fce9647bdf1e7877bf73ce8b0bad5f97
20426584,0xaf31be4f8ba0702ea00fe691a0fa3ae60a140c8b
20426065,0x95222290dd7278aa3ddd389cc1e1d165cc4bafe5
20426779,0x4838b106fce9647bdf1e7877bf73ce8b0bad5f97
20426182,0x4838b106fce9647bdf1e7877bf73ce8b0bad5f97
20426128,0x4838b106fce9647bdf1e7877bf73ce8b0bad5f97
20426623,0x95222290dd7278aa3ddd389cc1e1d165cc4bafe5
20426568,0x95222290dd7278aa3ddd389cc1e1d165cc4bafe5
20425949,0x95222290dd7278aa3ddd389cc1e1d165cc4bafe5
20425816,0x4838b106fce9647bdf1e7877bf73ce8b0bad5f97
20426432,0x4838b106fce9647bdf1e7877bf73ce8b0bad5f97
20426708,0x95222290dd7278aa3ddd389cc1e1d165cc4bafe5
20426721,0x4838b106fce9647bdf1e7877bf73ce8b0bad5f97
20426345,0x95222290dd7278aa3ddd389cc1e1d165cc4bafe5
20426071,0x95222290dd7278aa3ddd389cc1e1d165cc4bafe5
20426706,0x95222290dd7278aa3ddd389cc1e1d165cc4bafe5
20425946,0x4838b106fce9647bdf1e7877bf73ce8b0bad5f97
20426716,0x388c818ca8b9251b393131c08a736a67ccb19297
20426416,0x95222290dd7278aa3ddd389cc1e1d165cc4bafe5
20426287,0x95222290dd7278aa3ddd389cc1e1d165cc4bafe5
20426001,0x95222290dd7278aa3ddd389cc1e1d165cc4bafe5
20426138,0x4838b106fce9647bdf1e7877bf73ce8b0bad5f97
20426521,0xd6e4aa932147a3fe5311da1b67d9e73da06f9cef
20426361,0x4838b106fce9647bdf1e7877bf73ce8b0bad5f97
20426173,0x70b99f5c8526ac3946ecb2896d41e3f23f015ad2
20426085,0x30b25abc7817622fa84536055b57e9bd0ad2be36
20426206,0x95222290dd7278aa3ddd389cc1e1d165cc4bafe5
20426288,0x4838b106fce9647bdf1e7877bf73ce8b0bad5f97
20425989,0x4838b106fce9647bdf1e7877bf73ce8b0bad5f97
20426775,0x95222290dd7278aa3ddd389cc1e1d165cc4bafe5
20426376,0x95222290dd7278aa3ddd389cc1e1d165cc4bafe5
20426502,0x95222290dd7278aa3ddd389cc1e1d165cc4bafe5
20426112,0x95222290dd7278aa3ddd389cc1e1d165cc4bafe5
20425895,0x4838b106fce9647bdf1e7877bf73ce8b0bad5f97
20425853,0x388c818ca8b9251b393131c08a736a67ccb19297
20426380,0x388c818ca8b9251b393131c08a736a67ccb19297
20426459,0x4838b106fce9647bdf1e7877bf73ce8b0bad5f97
20426636,0x95222290dd7278aa3ddd389cc1e1d165cc4bafe5
20426050,0xd87f3d6c5624e8b02be13c2c92f8511b88b94d96
20426565,0x95222290dd7278aa3ddd389cc1e1d165cc4bafe5
20426539,0x95222290dd7278aa3ddd389cc1e1d165cc4bafe5
20426769,0x95222290dd7278aa3ddd389cc1e1d165cc4bafe5
20426069,0x95222290dd7278aa3ddd389cc1e1d165cc4bafe5
20426469,0x4838b106fce9647bdf1e7877bf73ce8b0bad5f97
20426421,0x388c818ca8b9251b393131c08a736a67ccb19297
20426544,0x95222290dd7278aa3ddd389cc1e1d165cc4bafe5
20426389,0x4838b106fce9647bdf1e7877bf73ce8b0bad5f97
20426557,0x95222290dd7278aa3ddd389cc1e1d165cc4bafe5
20426737,0xd4f326fca53f568694734fdac531fc403e3f7190
20426133,0x95222290dd7278aa3ddd389cc1e1d165cc4bafe5
20426371,0x95222290dd7278aa3ddd389cc1e1d165cc4bafe5
20426223,0x95222290dd7278aa3ddd389cc1e1d165cc4bafe5
20426604,0x95222290dd7278aa3ddd389cc1e1d165cc4bafe5
20426013,0x95222290dd7278aa3ddd389cc1e1d165cc4bafe5
20426593,0x95222290dd7278aa3ddd389cc1e1d165cc4bafe5
20425893,0x95222290dd7278aa3ddd389cc1e1d165cc4bafe5
20426735,0x4838b106fce9647bdf1e7877bf73ce8b0bad5f97
20426439,0x4838b106fce9647bdf1e7877bf73ce8b0bad5f97
20426330,0x95222290dd7278aa3ddd389cc1e1d165cc4bafe5
20426144,0x95222290dd7278aa3ddd389cc1e1d165cc4bafe5
20426445,0x4838b106fce9647bdf1e7877bf73ce8b0bad5f97
20426808,0x95222290dd7278aa3ddd389cc1e1d165cc4bafe5
20426225,0xe913e701c2d1e900f4b0e63a7d80cc971db28417
20426658,0x95222290dd7278aa3ddd389cc1e1d165cc4bafe5
20426362,0x95222290dd7278aa3ddd389cc1e1d165cc4bafe5
20426461,0x95222290dd7278aa3ddd389cc1e1d165cc4bafe5
20426056,0x95222290dd7278aa3ddd389cc1e1d165cc4bafe5
20426405,0x4838b106fce9647bdf1e7877bf73ce8b0bad5f97
20426698,0x95222290dd7278aa3ddd389cc1e1d165cc4bafe5
20426438,0x4838b106fce9647bdf1e7877bf73ce8b0bad5f97
20426213,0x4838b106fce9647bdf1e7877bf73ce8b0bad5f97
20426409,0x4838b106fce9647bdf1e7877bf73ce8b0bad5f97
20426057,0x95222290dd7278aa3ddd389cc1e1d165cc4bafe5
20426458,0x95222290dd7278aa3ddd389cc1e1d165cc4bafe5
20426465,0x95222290dd7278aa3ddd389cc1e1d165cc4bafe5
20426229,0x95222290dd7278aa3ddd389cc1e1d165cc4bafe5
20426484,0x95222290dd7278aa3ddd389cc1e1d165cc4bafe5
20426014,0x4838b106fce9647bdf1e7877bf73ce8b0bad5f97
20426374,0x95222290dd7278aa3ddd389cc1e1d165cc4bafe5
20426313,0x4838b106fce9647bdf1e7877bf73ce8b0bad5f97
20425880,0x4838b106fce9647bdf1e7877bf73ce8b0bad5f97
20426090,0x95222290dd7278aa3ddd389cc1e1d165cc4bafe5
20426295,0x95222290dd7278aa3ddd389cc1e1d165cc4bafe5
20426422,0x4838b106fce9647bdf1e7877bf73ce8b0bad5f97
20426419,0x5f00fcc7c2698457d6907da4b4fe1a0f121d81ee
20425944,0x95222290dd7278aa3ddd389cc1e1d165cc4bafe5
20426274,0x95222290dd7278aa3ddd389cc1e1d165cc4bafe5
20426392,0x95222290dd7278aa3ddd389cc1e1d165cc4bafe5
20426705,0x4838b106fce9647bdf1e7877bf73ce8b0bad5f97
20426248,0x95222290dd7278aa3ddd389cc1e1d165cc4bafe5
20426435,0x95222290dd7278aa3ddd389cc1e1d165cc4bafe5
20426798,0x4838b106fce9647bdf1e7877bf73ce8b0bad5f97
20426032,0xdf99a0839818b3f120ebac9b73f82b617dc6a555
20426531,0x95222290dd7278aa3ddd389cc1e1d165cc4bafe5
20426162,0x95222290dd7278aa3ddd389cc1e1d165cc4bafe5
20426058,0x4838b106fce9647bdf1e7877bf73ce8b0bad5f97
20426317,0x95222290dd7278aa3ddd389cc1e1d165cc4bafe5
20426510,0x95222290dd7278aa3ddd389cc1e1d165cc4bafe5
20426200,0x4838b106fce9647bdf1e7877bf73ce8b0bad5f97
20426339,0x388c818ca8b9251b393131c08a736a67ccb19297
20426378,0x95222290dd7278aa3ddd389cc1e1d165cc4bafe5
20426048,0x388c818ca8b9251b393131c08a736a67ccb19297
20426246,0x95222290dd7278aa3ddd389cc1e1d165cc4bafe5
20426780,0x4838b106fce9647bdf1e7877bf73ce8b0bad5f97
20426053,0x95222290dd7278aa3ddd389cc1e1d165cc4bafe5
20425850,0x4838b106fce9647bdf1e7877bf73ce8b0bad5f97
20426239,0x4838b106fce9647bdf1e7877bf73ce8b0bad5f97
20426276,0x7df752f06bd9df27198fd27dc34b27e797b0e6bc
20426784,0x95222290dd7278aa3ddd389cc1e1d165cc4bafe5
20426199,0x95222290dd7278aa3ddd389cc1e1d165cc4bafe5
20426170,0x95222290dd7278aa3ddd389cc1e1d165cc4bafe5
20425982,0x95222290dd7278aa3ddd389cc1e1d165cc4bafe5
20426340,0x95222290dd7278aa3ddd389cc1e1d165cc4bafe5
20425963,0x95222290dd7278aa3ddd389cc1e1d165cc4bafe5
20425921,0x4838b106fce9647bdf1e7877bf73ce8b0bad5f97
20425938,0x95222290dd7278aa3ddd389cc1e1d165cc4bafe5
20426327,0x95222290dd7278aa3ddd389cc1e1d165cc4bafe5
20426067,0x95222290dd7278aa3ddd389cc1e1d165cc4bafe5
20426047,0x95222290dd7278aa3ddd389cc1e1d165cc4bafe5
20426301,0x4838b106fce9647bdf1e7877bf73ce8b0bad5f97
20426156,0x95222290dd7278aa3ddd389cc1e1d165cc4bafe5
20426116,0x4838b106fce9647bdf1e7877bf73ce8b0bad5f97
20425876,0x388c818ca8b9251b393131c08a736a67ccb19297
20426402,0x4838b106fce9647bdf1e7877bf73ce8b0bad5f97
20426403,0x95222290dd7278aa3ddd389cc1e1d165cc4bafe5
20426215,0x95222290dd7278aa3ddd389cc1e1d165cc4bafe5
20426450,0x95222290dd7278aa3ddd389cc1e1d165cc4bafe5
20426804,0x4838b106fce9647bdf1e7877bf73ce8b0bad5f97
20426812,0x4838b106fce9647bdf1e7877bf73ce8b0bad5f97
20425935,0x4838b106fce9647bdf1e7877bf73ce8b0bad5f97
20426480,0x4838b106fce9647bdf1e7877bf73ce8b0bad5f97
20426687,0x95222290dd7278aa3ddd389cc1e1d165cc4bafe5
20426633,0x95222290dd7278aa3ddd389cc1e1d165cc4bafe5
20426471,0x1f9090aae28b8a3dceadf281b0f12828e676c326
20425870,0x95222290dd7278aa3ddd389cc1e1d165cc4bafe5
20425941,0x1f9090aae28b8a3dceadf281b0f12828e676c326
20425919,0x95222290dd7278aa3ddd389cc1e1d165cc4bafe5
20425886,0x95222290dd7278aa3ddd389cc1e1d165cc4bafe5
20426134,0x95222290dd7278aa3ddd389cc1e1d165cc4bafe5
20426548,0x388c818ca8b9251b393131c08a736a67ccb19297
20426559,0x4838b106fce9647bdf1e7877bf73ce8b0bad5f97
20426431,0x95222290dd7278aa3ddd389cc1e1d165cc4bafe5
20426653,0x95222290dd7278aa3ddd389cc1e1d165cc4bafe5
20425861,0x95222290dd7278aa3ddd389cc1e1d165cc4bafe5
20426097,0x4838b106fce9647bdf1e7877bf73ce8b0bad5f97
20426391,0x95222290dd7278aa3ddd389cc1e1d165cc4bafe5
20426690,0x95222290dd7278aa3ddd389cc1e1d165cc4bafe5
20426694,0x95222290dd7278aa3ddd389cc1e1d165cc4bafe5
20426475,0x4838b106fce9647bdf1e7877bf73ce8b0bad5f97
20426541,0x4838b106fce9647bdf1e7877bf73ce8b0bad5f97
20426538,0x29b5162ca97145dd6b28d400e74503daf4b4c5c0
20425922,0x4838b106fce9647bdf1e7877bf73ce8b0bad5f97
20425863,0x388c818ca8b9251b393131c08a736a67ccb19297
20425930,0x4838b106fce9647bdf1e7877bf73ce8b0bad5f97
20426082,0x95222290dd7278aa3ddd389cc1e1d165cc4bafe5
20426534,0x95222290dd7278aa3ddd389cc1e1d165cc4bafe5
20426146,0x4838b106fce9647bdf1e7877bf73ce8b0bad5f97
20426017,0x4838b106fce9647bdf1e7877bf73ce8b0bad5f97
20425997,0x4838b106fce9647bdf1e7877bf73ce8b0bad5f97
20426654,0x95222290dd7278aa3ddd389cc1e1d165cc4bafe5
20426179,0x95222290dd7278aa3ddd389cc1e1d165cc4bafe5
20426277,0x95222290dd7278aa3ddd389cc1e1d165cc4bafe5
20426019,0x4838b106fce9647bdf1e7877bf73ce8b0bad5f97
20426499,0x4838b106fce9647bdf1e7877bf73ce8b0bad5f97
20426750,0x95222290dd7278aa3ddd389cc1e1d165cc4bafe5
20426364,0x95222290dd7278aa3ddd389cc1e1d165cc4bafe5
20426783,0x4838b106fce9647bdf1e7877bf73ce8b0bad5f97
20426031,0x95222290dd7278aa3ddd389cc1e1d165cc4bafe5
20426398,0x95222290dd7278aa3ddd389cc1e1d165cc4bafe5
20425934,0x4838b106fce9647bdf1e7877bf73ce8b0bad5f97
20426599,0x95222290dd7278aa3ddd389cc1e1d165cc4bafe5
20426094,0x1e92f9ca331e00f15b5c9fbfb59458385a052f05
20426275,0x95222290dd7278aa3ddd389cc1e1d165cc4bafe5
20425832,0x4838b106fce9647bdf1e7877bf73ce8b0bad5f97
20426260,0x95222290dd7278aa3ddd389cc1e1d165cc4bafe5
20426188,0x4838b106fce9647bdf1e7877bf73ce8b0bad5f97
20426790,0x4838b106fce9647bdf1e7877bf73ce8b0bad5f97
20426437,0xedcb63f859905be353d85d53041e9697dbea5f81
20426579,0x95222290dd7278aa3ddd389cc1e1d165cc4bafe5
20425825,0x95222290dd7278aa3ddd389cc1e1d165cc4bafe5
20425978,0x302ebaf6724021f3c5900c321411cbde45e791f8
20426303,0x95222290dd7278aa3ddd389cc1e1d165cc4bafe5
20426478,0x4838b106fce9647bdf1e7877bf73ce8b0bad5f97
20426081,0x4838b106fce9647bdf1e7877bf73ce8b0bad5f97
20426678,0x4838b106fce9647bdf1e7877bf73ce8b0bad5f97
20425875,0x95222290dd7278aa3ddd389cc1e1d165cc4bafe5
20426063,0x95222290dd7278aa3ddd389cc1e1d165cc4bafe5
20426088,0x95222290dd7278aa3ddd389cc1e1d165cc4bafe5
20426010,0x95222290dd7278aa3ddd389cc1e1d165cc4bafe5
20426304,0x95222290dd7278aa3ddd389cc1e1d165cc4bafe5
20426139,0x95222290dd7278aa3ddd389cc1e1d165cc4bafe5
20425873,0x95222290dd7278aa3ddd389cc1e1d165cc4bafe5
20426024,0x95222290dd7278aa3ddd389cc1e1d165cc4bafe5
20426237,0x4838b106fce9647bdf1e7877bf73ce8b0bad5f97
20426137,0x95222290dd7278aa3ddd389cc1e1d165cc4bafe5
20426545,0x95222290dd7278aa3ddd389cc1e1d165cc4bafe5
20426042,0x4838b106fce9647bdf1e7877bf73ce8b0bad5f97
20426483,0x4838b106fce9647bdf1e7877bf73ce8b0bad5f97
20426012,0x1f9090aae28b8a3dceadf281b0f12828e676c326
20426768,0x4838b106fce9647bdf1e7877bf73ce8b0bad5f97
20426197,0x4838b106fce9647bdf1e7877bf73ce8b0bad5f97
20426621,0x4838b106fce9647bdf1e7877bf73ce8b0bad5f97
20426222,0x4838b106fce9647bdf1e7877bf73ce8b0bad5f97
20425942,0x95222290dd7278aa3ddd389cc1e1d165cc4bafe5
20426226,0x4838b106fce9647bdf1e7877bf73ce8b0bad5f97
20426039,0x95222290dd7278aa3ddd389cc1e1d165cc4bafe5
20426184,0x95222290dd7278aa3ddd389cc1e1d165cc4bafe5
20426689,0x388c818ca8b9251b393131c08a736a67ccb19297
20426367,0x95222290dd7278aa3ddd389cc1e1d165cc4bafe5
20426148,0x95222290dd7278aa3ddd389cc1e1d165cc4bafe5
20426758,0x4838b106fce9647bdf1e7877bf73ce8b0bad5f97
20425972,0x4838b106fce9647bdf1e7877bf73ce8b0bad5f97
20426715,0x95222290dd7278aa3ddd389cc1e1d165cc4bafe5
20426261,0x95222290dd7278aa3ddd389cc1e1d165cc4bafe5
20426607,0x95222290dd7278aa3ddd389cc1e1d165cc4bafe5
20426428,0x4838b106fce9647bdf1e7877bf73ce8b0bad5f97
20426460,0x388c818ca8b9251b393131c08a736a67ccb19297
20426561,0x4838b106fce9647bdf1e7877bf73ce8b0bad5f97
20425932,0x4838b106fce9647bdf1e7877bf73ce8b0bad5f97
20426165,0x95222290dd7278aa3ddd389cc1e1d165cc4bafe5
20426247,0x4838b106fce9647bdf1e7877bf73ce8b0bad5f97
20426393,0xdf99a0839818b3f120ebac9b73f82b617dc6a555
20426722,0x95222290dd7278aa3ddd389cc1e1d165cc4bafe5
20426508,0x95222290dd7278aa3ddd389cc1e1d165cc4bafe5
20425828,0x4838b106fce9647bdf1e7877bf73ce8b0bad5f97
20426733,0x4838b106fce9647bdf1e7877bf73ce8b0bad5f97
20426265,0x95222290dd7278aa3ddd389cc1e1d165cc4bafe5
20426676,0x95222290dd7278aa3ddd389cc1e1d165cc4bafe5
20426175,0x95222290dd7278aa3ddd389cc1e1d165cc4bafe5
20426794,0x4838b106fce9647bdf1e7877bf73ce8b0bad5f97
20425867,0x95222290dd7278aa3ddd389cc1e1d165cc4bafe5
20426020,0x95222290dd7278aa3ddd389cc1e1d165cc4bafe5
20426114,0x617c8de5bde54ffbb8d92716cc947858ca38f582
20425833,0x4838b106fce9647bdf1e7877bf73ce8b0bad5f97
20426564,0x95222290dd7278aa3ddd389cc1e1d165cc4bafe5
20426315,0x95222290dd7278aa3ddd389cc1e1d165cc4bafe5
20426127,0x95222290dd7278aa3ddd389cc1e1d165cc4bafe5
20426269,0xd4f326fca53f568694734fdac531fc403e3f7190
20426645,0x0877a0512c1e77525ffd61bdf2539213997dd225
20426233,0x4838b106fce9647bdf1e7877bf73ce8b0bad5f97
20426669,0x4838b106fce9647bdf1e7877bf73ce8b0bad5f97
20426513,0x4838b106fce9647bdf1e7877bf73ce8b0bad5f97
20426671,0x4838b106fce9647bdf1e7877bf73ce8b0bad5f97
20426259,0x95222290dd7278aa3ddd389cc1e1d165cc4bafe5
20426488,0x70a69fa317107dcf6fc3e8c06d4fbfc49f2481ca
20425911,0x4838b106fce9647bdf1e7877bf73ce8b0bad5f97
20425869,0x4838b106fce9647bdf1e7877bf73ce8b0bad5f97
20426158,0x4838b106fce9647bdf1e7877bf73ce8b0bad5f97
20426718,0x4838b106fce9647bdf1e7877bf73ce8b0bad5f97
20426251,0x95222290dd7278aa3ddd389cc1e1d165cc4bafe5
20426240,0x95222290dd7278aa3ddd389cc1e1d165cc4bafe5
20426491,0x95222290dd7278aa3ddd389cc1e1d165cc4bafe5
20426083,0x4838b106fce9647bdf1e7877bf73ce8b0bad5f97
20426786,0x388c818ca8b9251b393131c08a736a67ccb19297
20425848,0x95222290dd7278aa3ddd389cc1e1d165cc4bafe5
20426382,0x4838b106fce9647bdf1e7877bf73ce8b0bad5f97
20426677,0x4838b106fce9647bdf1e7877bf73ce8b0bad5f97
20425821,0x4838b106fce9647bdf1e7877bf73ce8b0bad5f97
20426099,0x4838b106fce9647bdf1e7877bf73ce8b0bad5f97
20426535,0x4838b106fce9647bdf1e7877bf73ce8b0bad5f97
20426060,0x388c818ca8b9251b393131c08a736a67ccb19297
20426142,0x95222290dd7278aa3ddd389cc1e1d165cc4bafe5
20426643,0x4838b106fce9647bdf1e7877bf73ce8b0bad5f97
20426640,0x95222290dd7278aa3ddd389cc1e1d165cc4bafe5
20426268,0x95222290dd7278aa3ddd389cc1e1d165cc4bafe5
20426586,0x95222290dd7278aa3ddd389cc1e1d165cc4bafe5
20426120,0x95222290dd7278aa3ddd389cc1e1d165cc4bafe5
20426167,0x4838b106fce9647bdf1e7877bf73ce8b0bad5f97
20426632,0x95222290dd7278aa3ddd389cc1e1d165cc4bafe5
20425836,0x95222290dd7278aa3ddd389cc1e1d165cc4bafe5
20425817,0x6d2e03b7effeae98bd302a9f836d0d6ab0002766
20426348,0x95222290dd7278aa3ddd389cc1e1d165cc4bafe5
20426080,0x4838b106fce9647bdf1e7877bf73ce8b0bad5f97
20426273,0x4838b106fce9647bdf1e7877bf73ce8b0bad5f97
20426759,0x95222290dd7278aa3ddd389cc1e1d165cc4bafe5
20426673,0x4838b106fce9647bdf1e7877bf73ce8b0bad5f97
20426576,0x95222290dd7278aa3ddd389cc1e1d165cc4bafe5
20426292,0x95222290dd7278aa3ddd389cc1e1d165cc4bafe5
20426473,0x95222290dd7278aa3ddd389cc1e1d165cc4bafe5
20425983,0x95222290dd7278aa3ddd389cc1e1d165cc4bafe5
20426746,0x95222290dd7278aa3ddd389cc1e1d165cc4bafe5
20425857,0x4838b106fce9647bdf1e7877bf73ce8b0bad5f97
20426631,0x4838b106fce9647bdf1e7877bf73ce8b0bad5f97
20425915,0x4838b106fce9647bdf1e7877bf73ce8b0bad5f97
20426463,0x388c818ca8b9251b393131c08a736a67ccb19297
20426121,0x95222290dd7278aa3ddd389cc1e1d165cc4bafe5
20426650,0x95222290dd7278aa3ddd389cc1e1d165cc4bafe5
20426318,0x95222290dd7278aa3ddd389cc1e1d165cc4bafe5
20426651,0x95222290dd7278aa3ddd389cc1e1d165cc4bafe5
20426021,0x95222290dd7278aa3ddd389cc1e1d165cc4bafe5
20425878,0x4838b106fce9647bdf1e7877bf73ce8b0bad5f97
20426091,0x4838b106fce9647bdf1e7877bf73ce8b0bad5f97
20426710,0x95222290dd7278aa3ddd389cc1e1d165cc4bafe5
20425874,0x95222290dd7278aa3ddd389cc1e1d165cc4bafe5
20425986,0x4838b106fce9647bdf1e7877bf73ce8b0bad5f97
20426193,0x7adc0e867ebc337e2d20c44db181c067fa08637b
20426338,0x1f9090aae28b8a3dceadf281b0f12828e676c326
20426186,0x95222290dd7278aa3ddd389cc1e1d165cc4bafe5
20426454,0x95222290dd7278aa3ddd389cc1e1d165cc4bafe5
20425844,0x0c6686d1c93e3f15984bc2ec20f8b8328a30fadb
20425813,0x1f9090aae28b8a3dceadf281b0f12828e676c326
20426524,0x95222290dd7278aa3ddd389cc1e1d165cc4bafe5
20425842,0x4838b106fce9647bdf1e7877bf73ce8b0bad5f97
20426264,0x4838b106fce9647bdf1e7877bf73ce8b0bad5f97
20425954,0x4838b106fce9647bdf1e7877bf73ce8b0bad5f97
20425860,0x95222290dd7278aa3ddd389cc1e1d165cc4bafe5
20426387,0x388c818ca8b9251b393131c08a736a67ccb19297
20426324,0x4838b106fce9647bdf1e7877bf73ce8b0bad5f97
20426712,0x4838b106fce9647bdf1e7877bf73ce8b0bad5f97
20426752,0x95222290dd7278aa3ddd389cc1e1d165cc4bafe5
20426655,0x95222290dd7278aa3ddd389cc1e1d165cc4bafe5
20426724,0x4838b106fce9647bdf1e7877bf73ce8b0bad5f97
20426406,0x4838b106fce9647bdf1e7877bf73ce8b0bad5f97
20426344,0x95222290dd7278aa3ddd389cc1e1d165cc4bafe5
20426379,0x95222290dd7278aa3ddd389cc1e1d165cc4bafe5
20425913,0x95222290dd7278aa3ddd389cc1e1d165cc4bafe5
20426732,0x95222290dd7278aa3ddd389cc1e1d165cc4bafe5
20426467,0x95222290dd7278aa3ddd389cc1e1d165cc4bafe5
20426107,0x203a3652ddf9905e87a527300b89c4171af85805
20426235,0x95222290dd7278aa3ddd389cc1e1d165cc4bafe5
20426266,0x95222290dd7278aa3ddd389cc1e1d165cc4bafe5
20426185,0x4838b106fce9647bdf1e7877bf73ce8b0bad5f97
20426492,0x95222290dd7278aa3ddd389cc1e1d165cc4bafe5
20425931,0x95222290dd7278aa3ddd389cc1e1d165cc4bafe5
20426347,0x95222290dd7278aa3ddd389cc1e1d165cc4bafe5
20426782,0x95222290dd7278aa3ddd389cc1e1d165cc4bafe5
20426730,0x4838b106fce9647bdf1e7877bf73ce8b0bad5f97
20426357,0x4838b106fce9647bdf1e7877bf73ce8b0bad5f97
20426526,0x95222290dd7278aa3ddd389cc1e1d165cc4bafe5
20426748,0x95222290dd7278aa3ddd389cc1e1d165cc4bafe5
20425904,0x4838b106fce9647bdf1e7877bf73ce8b0bad5f97
20426809,0x684c954ef60f766a429ae5cbacc4923e2e9e8b14
20426033,0x388c818ca8b9251b393131c08a736a67ccb19297
20426618,0x1f9090aae28b8a3dceadf281b0f12828e676c326
20425905,0x4838b106fce9647bdf1e7877bf73ce8b0bad5f97
20426046,0x4838b106fce9647bdf1e7877bf73ce8b0bad5f97
20425881,0x388c818ca8b9251b393131c08a736a67ccb19297
20426400,0x4838b106fce9647bdf1e7877bf73ce8b0bad5f97
20426577,0x4838b106fce9647bdf1e7877bf73ce8b0bad5f97
20426373,0x95222290dd7278aa3ddd389cc1e1d165cc4bafe5
20426679,0x95222290dd7278aa3ddd389cc1e1d165cc4bafe5
20426490,0x95222290dd7278aa3ddd389cc1e1d165cc4bafe5
20425984,0x4838b106fce9647bdf1e7877bf73ce8b0bad5f97
20426205,0x95222290dd7278aa3ddd389cc1e1d165cc4bafe5
20425951,0x388c818ca8b9251b393131c08a736a67ccb19297
20426572,0x388c818ca8b9251b393131c08a736a67ccb19297
20426177,0x95222290dd7278aa3ddd389cc1e1d165cc4bafe5
20426517,0x95222290dd7278aa3ddd389cc1e1d165cc4bafe5
20426774,0x4838b106fce9647bdf1e7877bf73ce8b0bad5f97
20426143,0x4838b106fce9647bdf1e7877bf73ce8b0bad5f97
20426312,0x95222290dd7278aa3ddd389cc1e1d165cc4bafe5
20426227,0x4838b106fce9647bdf1e7877bf73ce8b0bad5f97
20426616,0x95222290dd7278aa3ddd389cc1e1d165cc4bafe5
20426092,0x95222290dd7278aa3ddd389cc1e1d165cc4bafe5
20426209,0x95222290dd7278aa3ddd389cc1e1d165cc4bafe5
20426420,0x4838b106fce9647bdf1e7877bf73ce8b0bad5f97
20426788,0x95222290dd7278aa3ddd389cc1e1d165cc4bafe5
20426451,0x95222290dd7278aa3ddd389cc1e1d165cc4bafe5
20425864,0x4838b106fce9647bdf1e7877bf73ce8b0bad5f97
20426595,0x95222290dd7278aa3ddd389cc1e1d165cc4bafe5
20426076,0x95222290dd7278aa3ddd389cc1e1d165cc4bafe5
20426166,0x2662b6a0f0a8ea9091617651d40d00959f0cb384
20425882,0x95222290dd7278aa3ddd389cc1e1d165cc4bafe5
20426115,0x95222290dd7278aa3ddd389cc1e1d165cc4bafe5
20425958,0x4838b106fce9647bdf1e7877bf73ce8b0bad5f97
20426160,0x95222290dd7278aa3ddd389cc1e1d165cc4bafe5
20426554,0x1f9090aae28b8a3dceadf281b0f12828e676c326
20426336,0x95222290dd7278aa3ddd389cc1e1d165cc4bafe5
20426644,0x4838b106fce9647bdf1e7877bf73ce8b0bad5f97
20426311,0x4838b106fce9647bdf1e7877bf73ce8b0bad5f97
20425920,0x4838b106fce9647bdf1e7877bf73ce8b0bad5f97
20426739,0x4838b106fce9647bdf1e7877bf73ce8b0bad5f97
20426253,0x95222290dd7278aa3ddd389cc1e1d165cc4bafe5
20426300,0x95222290dd7278aa3ddd389cc1e1d165cc4bafe5
20426575,0x388c818ca8b9251b393131c08a736a67ccb19297
20426613,0x24d6c74d811cfde65995ed26fd08af445f8aab06
20426244,0x4838b106fce9647bdf1e7877bf73ce8b0bad5f97
20425992,0x95222290dd7278aa3ddd389cc1e1d165cc4bafe5
20426625,0x95222290dd7278aa3ddd389cc1e1d165cc4bafe5
20426228,0x95222290dd7278aa3ddd389cc1e1d165cc4bafe5
20425957,0x95222290dd7278aa3ddd389cc1e1d165cc4bafe5
20426245,0x95222290dd7278aa3ddd389cc1e1d165cc4bafe5
20426514,0x95222290dd7278aa3ddd389cc1e1d165cc4bafe5
20426132,0x4838b106fce9647bdf1e7877bf73ce8b0bad5f97
20426087,0x95222290dd7278aa3ddd389cc1e1d165cc4bafe5
20426369,0x95222290dd7278aa3ddd389cc1e1d165cc4bafe5
20426744,0x4838b106fce9647bdf1e7877bf73ce8b0bad5f97
20426713,0x95222290dd7278aa3ddd389cc1e1d165cc4bafe5
20426041,0x4838b106fce9647bdf1e7877bf73ce8b0bad5f97
20426359,0x95222290dd7278aa3ddd389cc1e1d165cc4bafe5
20426596,0x4838b106fce9647bdf1e7877bf73ce8b0bad5f97
20426515,0x95222290dd7278aa3ddd389cc1e1d165cc4bafe5
20426603,0x4838b106fce9647bdf1e7877bf73ce8b0bad5f97
20426807,0x4838b106fce9647bdf1e7877bf73ce8b0bad5f97
20426098,0x95222290dd7278aa3ddd389cc1e1d165cc4bafe5
20425866,0xdf99a0839818b3f120ebac9b73f82b617dc6a555
20426704,0x95222290dd7278aa3ddd389cc1e1d165cc4bafe5
20426601,0x4838b106fce9647bdf1e7877bf73ce8b0bad5f97
20426084,0x4838b106fce9647bdf1e7877bf73ce8b0bad5f97
20426509,0x4838b106fce9647bdf1e7877bf73ce8b0bad5f97
20426350,0x4838b106fce9647bdf1e7877bf73ce8b0bad5f97
20426605,0x95222290dd7278aa3ddd389cc1e1d165cc4bafe5
20426619,0x4838b106fce9647bdf1e7877bf73ce8b0bad5f97
20425843,0x4838b106fce9647bdf1e7877bf73ce8b0bad5f97
20426302,0x95222290dd7278aa3ddd389cc1e1d165cc4bafe5
20426781,0x95222290dd7278aa3ddd389cc1e1d165cc4bafe5
20425968,0x4838b106fce9647bdf1e7877bf73ce8b0bad5f97
20426258,0x4838b106fce9647bdf1e7877bf73ce8b0bad5f97
20426028,0x95222290dd7278aa3ddd389cc1e1d165cc4bafe5
20426102,0x4838b106fce9647bdf1e7877bf73ce8b0bad5f97
20426497,0x95222290dd7278aa3ddd389cc1e1d165cc4bafe5
20426574,0x95222290dd7278aa3ddd389cc1e1d165cc4bafe5
20426395,0x4838b106fce9647bdf1e7877bf73ce8b0bad5f97
20426286,0x4838b106fce9647bdf1e7877bf73ce8b0bad5f97
20425883,0x4838b106fce9647bdf1e7877bf73ce8b0bad5f97
20426537,0x95222290dd7278aa3ddd389cc1e1d165cc4bafe5
20425909,0x4838b106fce9647bdf1e7877bf73ce8b0bad5f97
20426263,0x95222290dd7278aa3ddd389cc1e1d165cc4bafe5
20426079,0x95222290dd7278aa3ddd389cc1e1d165cc4bafe5
20426637,0x4838b106fce9647bdf1e7877bf73ce8b0bad5f97
20425846,0x4838b106fce9647bdf1e7877bf73ce8b0bad5f97
20426550,0x00ff9ba73d58c65381a1355da5800e4818d6b1b8
20426520,0x95222290dd7278aa3ddd389cc1e1d165cc4bafe5
20426729,0x95222290dd7278aa3ddd389cc1e1d165cc4bafe5
20425908,0x95222290dd7278aa3ddd389cc1e1d165cc4bafe5
20426394,0x95222290dd7278aa3ddd389cc1e1d165cc4bafe5
20426457,0x95222290dd7278aa3ddd389cc1e1d165cc4bafe5
20426029,0x95222290dd7278aa3ddd389cc1e1d165cc4bafe5
20426681,0xd861f72137c15476c5d14f448e1a3d1de354f2d2
20425981,0xa70588b1549a996424919c37e3be1300622c5522
20426111,0x95222290dd7278aa3ddd389cc1e1d165cc4bafe5
20426727,0x4838b106fce9647bdf1e7877bf73ce8b0bad5f97
20426434,0x95222290dd7278aa3ddd389cc1e1d165cc4bafe5
20426396,0x95222290dd7278aa3ddd389cc1e1d165cc4bafe5
20425890,0x95222290dd7278aa3ddd389cc1e1d165cc4bafe5
20426054,0x95222290dd7278aa3ddd389cc1e1d165cc4bafe5
20426763,0x95222290dd7278aa3ddd389cc1e1d165cc4bafe5
20425980,0x4838b106fce9647bdf1e7877bf73ce8b0bad5f97
20426372,0x4838b106fce9647bdf1e7877bf73ce8b0bad5f97
20426470,0x4838b106fce9647bdf1e7877bf73ce8b0bad5f97
20426319,0x4838b106fce9647bdf1e7877bf73ce8b0bad5f97
20425851,0x4838b106fce9647bdf1e7877bf73ce8b0bad5f97
20426642,0x95222290dd7278aa3ddd389cc1e1d165cc4bafe5
20426397,0x95222290dd7278aa3ddd389cc1e1d165cc4bafe5
20426670,0x95222290dd7278aa3ddd389cc1e1d165cc4bafe5
20425865,0x4838b106fce9647bdf1e7877bf73ce8b0bad5f97
20426360,0x4838b106fce9647bdf1e7877bf73ce8b0bad5f97
20426281,0x95222290dd7278aa3ddd389cc1e1d165cc4bafe5
20426353,0x95222290dd7278aa3ddd389cc1e1d165cc4bafe5
20426629,0x1f9090aae28b8a3dceadf281b0f12828e676c326
20426684,0x95222290dd7278aa3ddd389cc1e1d165cc4bafe5
20425985,0x95222290dd7278aa3ddd389cc1e1d165cc4bafe5
20425822,0x388c818ca8b9251b393131c08a736a67ccb19297
20426430,0x95222290dd7278aa3ddd389cc1e1d165cc4bafe5
20426805,0xcd6f7a00cf75411b57bb82ec452f1323da447c81
